treatment,placebo_ate_mean,placebo_ate_std,n_shuffles,real_ate
T_promo_first_5s,-2.7174257972668707e-05,0.000692326128489674,5,0.001142905610659031
T_has_promo,0.00017227761406473973,0.0006875420383675957,5,-0.0010170424876712323
T_cta_early,9.43736663219997e-05,0.00039089671170032563,5,0.0009688314267847562
